Description,(Multiple Items)
,
Row Labels,Count of Name
Solitaire ring in 18KT Rose Gold with Asscher,1
Solitaire ring in 18KT Rose Gold with Cushion,1
Solitaire ring in 18KT Rose Gold with Emerald,1
Solitaire ring in 18KT Rose Gold with Heart,1
Solitaire ring in 18KT Rose Gold with Marquise,1
Solitaire ring in 18KT Rose Gold with Oval,1
Solitaire ring in 18KT Rose Gold with Pear,1
Solitaire ring in 18KT Rose Gold with Princess,1
Solitaire ring in 18KT Rose Gold with Radiant,1
Solitaire ring in 18KT Rose Gold with Round,1
Solitaire ring in 18KT White Gold with Asscher,1
Solitaire ring in 18KT White Gold with Cushion,1
Solitaire ring in 18KT White Gold with Emerald,1
Solitaire ring in 18KT White Gold with Heart,1
Solitaire ring in 18KT White Gold with Marquise,1
Solitaire ring in 18KT White Gold with Oval,1
Solitaire ring in 18KT White Gold with Pear,1
Solitaire ring in 18KT White Gold with Princess,1
Solitaire ring in 18KT White Gold with Radiant,1
Solitaire ring in 18KT White Gold with Round,1
Solitaire ring in 18KT Yellow Gold with Asscher,1
Solitaire ring in 18KT Yellow Gold with Cushion,1
Solitaire ring in 18KT Yellow Gold with Emerald,1
Solitaire ring in 18KT Yellow Gold with Heart,1
Solitaire ring in 18KT Yellow Gold with Marquise,1
Solitaire ring in 18KT Yellow Gold with Oval,1
Solitaire ring in 18KT Yellow Gold with Pear,1
Solitaire ring in 18KT Yellow Gold with Princess,1
Solitaire ring in 18KT Yellow Gold with Radiant,1
Solitaire ring in 18KT Yellow Gold with Round,1
Grand Total,30
